{
	"identifier": "RGNC91-93_5cm",
	"crs": {
		"type": "EPSG",
		"code": 3163,
		"boundingBox": {
			"xmin": -655648.65,
			"xmax": 1296651.41,
			"ymin": -279306.32,
			"ymax": 1039821.97
		},
		"proj4Definition": "+proj=lcc +lat_0=-21.5 +lon_0=166 +lat_1=-20.6666666666667 +lat_2=-22.3333333333333 +x_0=400000 +y_0=300000 +ellps=GRS80 +towgs84=0,0,0,0,0,0,0 +units=m +no_defs +type=crs"
	},
	"resolution": 0.05,
	"level": {
		"min": 12,
		"max": 21
	},
	"tileSize": {
		"width": 512,
		"height": 512
	},
	"pathDepth": 4,
	"slabSize": {
		"width": 8,
		"height": 8
	}
}